-- Вставка тестовых данных в базу данных BitFlix

INSERT INTO director (ID, NAME)
VALUES (1, 'Кристофер Нолан'),
       (2, 'Ли Анкрич'),
       (3, 'Оливье Накаш'),
       (4, 'Гай Ричи'),
       (5, 'Дэмьен Шазелл'),
       (6, 'Питер Фаррелли'),
       (7, 'Мартин Скорсезе'),
       (8, 'Квентин Тарантино'),
       (9, 'Питер Джексон'),
       (10, 'Пит Доктер'),
       (11, 'Дэвид Йейтс'),
       (12, 'Байрон Ховард'),
       (13, 'Мэл Гибсон'),
       (14, 'Джеймс Мэнголд'),
       (15, 'Энтони Руссо'),
       (16, 'Томм Мур'),
       (17, 'Том Хупер'),
       (18, 'Джеймс Ганн'),
       (19, 'Боб Персичетти'),
       (20, 'Жан-Марк Валле'),
       (21, 'Тейт Тейлор'),
       (22, 'Ханнес Холм'),
       (23, 'Райан Джонсон'),
       (24, 'Джозеф Косински'),
       (25, 'Дэвид Добкин'),
       (26, 'Дэвид Финчер');

INSERT INTO actor (ID, NAME)
VALUES (1, 'Мэттью МакКонахи'),
       (2, 'Энн Хэтэуэй'),
       (3, 'Джессика Честейн'),
       (4, 'Энтони Гонсалес'),
       (5, 'Гаэль Гарсиа Берналь'),
       (6, 'Бенджамин Брэтт'),
       (7, 'Леонардо ДиКаприо'),
       (8, 'Джозеф Гордон-Левитт'),
       (9, 'Эллиот Пейдж'),
       (10, 'Том Харди'),
       (11, 'Франсуа Клюзе'),
       (12, 'Омар Си'),
       (13, 'Чарли Ханнэм'),
       (14, 'Генри Голдинг'),
       (15, 'Майлз Теллер'),
       (16, 'Дж.К. Симмонс'),
       (17, 'Вигго Мортенсен'),
       (18, 'Махершала Али'),
       (19, 'Джона Хилл'),
       (20, 'Марго Робби'),
       (21, 'Джейми Фокс'),
       (22, 'Кристоф Вальц'),
       (23, 'Мартин Фриман'),
       (24, 'Иэн Маккеллен'),
       (25, 'Ричард Армитедж'),
       (26, 'Курт Рассел'),
       (27, 'Сэмюэл Л. Джексон'),
       (28, 'Тим Рот'),
       (29, 'Эми Полер'),
       (30, 'Филлис Смит'),
       (31, 'Дэниэл Рэдклифф'),
       (32, 'Руперт Гринт'),
       (33, 'Эмма Уотсон'),
       (34, 'Джиннифер Гудвин'),
       (35, 'Джейсон Бейтман'),
       (36, 'Эндрю Гарфилд'),
       (37, 'Сэм Уортингтон'),
       (38, 'Кристиан Бэйл'),
       (39, 'Мэтт Дэймон'),
       (40, 'Роберт Дауни мл.'),
       (41, 'Крис Хемсворт'),
       (42, 'Марк Руффало'),
       (43, 'Дэвид Роул'),
       (44, 'Брендан Глисон'),
       (45, 'Колин Фёрт'),
       (46, 'Джеффри Раш'),
       (47, 'Крис Пратт'),
       (48, 'Зои Салдана'),
       (49, 'Дэйв Батиста'),
       (50, 'Брэдли Купер'),
       (51, 'Шамеик Мур'),
       (52, 'Джейк Джонсон'),
       (53, 'Дженнифер Гарнер'),
       (54, 'Эмма Стоун'),
       (55, 'Виола Дэвис'),
       (56, 'Рольф Лассгор'),
       (57, 'Бахар Парс'),
       (58, 'Дэниэл Крэйг'),
       (59, 'Ана де Армас'),
       (60, 'Крис Эванс'),
       (61, 'Джош Бролин'),
       (62, 'Майлз Теллер'),
       (63, 'Роберт Дювалл'),
       (64, 'Бен Аффлек'),
       (65, 'Розамунд Пайк'),
       (66, 'Нил Патрик Харрис');

INSERT INTO genre (ID, CODE, NAME)
VALUES (1, 'sci-fi', 'Фантастика'),
       (2, 'drama', 'Драма'),
       (3, 'adventure', 'Приключения'),
       (4, 'animation', 'Мультфильм'),
       (5, 'fantasy', 'Фэнтези'),
       (6, 'family', 'Семейный'),
       (7, 'action', 'Боевик'),
       (8, 'thriller', 'Триллер'),
       (9, 'comedy', 'Комедия'),
       (10, 'music', 'Музыка'),
       (11, 'biography', 'Биография'),
       (12, 'western', 'Вестерн'),
       (13, 'war', 'Военный'),
       (14, 'sport', 'Спорт'),
       (15, 'history', 'История');

INSERT INTO movie (ID, TITLE, ORIGINAL_TITLE, DESCRIPTION, DURATION, AGE_RESTRICTION, RELEASE_DATE, RATING, DIRECTOR_ID)
VALUES (1, 'Интерстеллар', 'Interstellar', 'Когда засуха, пыльные бури и вымирание растений приводят человечество к продовольственному кризису, коллектив исследователей и учёных отправляется сквозь червоточину в путешествие.', 169, 16, 2014, 8.6, 1),
       (2, 'Тайна Коко', 'Coco', '12-летний Мигель живёт в мексиканской деревушке в семье сапожников и тайно мечтает стать музыкантом.', 105, 12, 2017, 8.6, 2),
       (3, 'Начало', 'Inception', 'Кобб – талантливый вор, лучший из лучших в опасном искусстве извлечения ценных секретов из глубин подсознания.', 148, 12, 2010, 8.7, 1),
       (4, '1+1', 'Intouchables', 'Пострадав в результате несчастного случая, богатый аристократ Филипп нанимает в помощники молодого жителя предместья Дрисса.', 112, 16, 2011, 8.8, 3),
       (5, 'Джентльмены', 'The Gentlemen', 'Один ушлый американец приторговывал наркотиками, а теперь придумал схему нелегального обогащения с использованием поместий.', 113, 18, 2019, 8.5, 4),
       (6, 'Одержимость', 'Whiplash', 'Эндрю мечтает стать великим. Юношу замечает настоящий гений, дирижер лучшего в стране оркестра.', 106, 16, 2013, 8.3, 5),
       (7, 'Зеленая книга', 'Green Book', '1960-е годы. После закрытия нью-йоркского ночного клуба на ремонт вышибала Тони ищет подработку на пару месяцев.', 130, 16, 2018, 8.4, 6),
       (8, 'Волк с Уолл-стрит', 'The Wolf of Wall Street', '1987 год. Джордан Белфорт становится брокером в успешном инвестиционном банке.', 180, 18, 2013, 7.9, 7),
       (9, 'Джанго освобожденный', 'Django Unchained', 'Эксцентричный охотник за головами, также известный как Дантист, промышляет отстрелом самых опасных преступников.', 165, 18, 2012, 8.2, 8),
       (10, 'Хоббит: Нежданное путешествие', 'The Hobbit: An Unexpected Journey', 'Хоббит Бильбо Бэггинс пускается в грандиозный поход, целью которого является отвоевание утраченного королевства гномов.', 169, 6, 2012, 8.1, 9),
       (11, 'Омерзительная восьмерка', 'The Hateful Eight', 'США после Гражданской войны. Легендарный охотник за головами Джон Рут конвоирует заключенную.', 187, 18, 2015, 7.9, 8),
       (12, 'Головоломка', 'Inside Out', 'Райли — обычная 11-летняя школьница, и её поведение определяют пять базовых эмоций.', 95, 6, 2015, 8.0, 10),
       (13, 'Гарри Поттер и Дары Смерти: Часть II', 'Harry Potter and the Deathly Hallows: Part 2', 'В грандиозной последней главе битва между добрыми и злыми силами мира волшебников перерастает во всеобщую войну.', 130, 12, 2011, 8.1, 11),
       (14, 'Зверополис', 'Zootopia', 'Добро пожаловать в Зверополис – современный город, населенный самыми разными животными.', 108, 6, 2016, 8.3, 12),
       (15, 'По соображениям совести', 'Hacksaw Ridge', 'Медик американской армии времён Второй мировой войны Дезмонд Досс отказывается убивать людей.', 139, 18, 2016, 8.0, 13),
       (16, 'Ford против Ferrari', 'Ford v Ferrari', 'В начале 1960-х Генри Форд II принимает решение улучшить имидж компании.', 152, 16, 2019, 8.2, 14),
       (17, 'Мстители: Война бесконечности', 'Avengers: Infinity War', 'Пока Мстители и их союзники продолжают защищать мир, новая угроза возникает из космоса: Танос.', 149, 16, 2018, 7.9, 15),
       (18, 'Песнь моря', 'Song of the Sea', 'Невероятная история Бена и его сестренки Сирши. Вместе они пускаются в фантастическое путешествие.', 93, 6, 2014, 8.1, 16),
       (19, 'Хоббит: Пустошь Смауга', 'The Hobbit: The Desolation of Smaug', 'Продолжение путешествия хоббита Бильбо Бэггинса и 13 отважных гномов.', 161, 12, 2013, 8.0, 9),
       (20, 'Король говорит!', 'The King\'s Speech', 'Сюжет ленты расскажет о герцоге, который готовится вступить в должность британского короля.', 118, 16, 2010, 8.0, 17),
       (21, 'Стражи Галактики', 'Guardians of the Galaxy', 'Отважному путешественнику Питеру Квиллу попадает в руки таинственный артефакт.', 121, 12, 2014, 7.8, 18),
       (22, 'Человек-паук: Через вселенные', 'Spider-Man: Into the Spider-Verse', 'Мы все знаем о Питере Паркере. Но что если в результате коллайдера откроется окно в другое измерение?', 117, 6, 2018, 8.0, 19),
       (23, 'Хоббит: Битва пяти воинств', 'The Hobbit: The Battle of the Five Armies', 'Когда отряд из тринадцати гномов нанимает хоббита Бильбо, тот полагает, что его приключения закончатся.', 144, 12, 2014, 7.8, 9),
       (24, 'Далласский клуб покупателей', 'Dallas Buyers Club', 'Реальная история Рона Вудруфа, техасского электрика, у которого в 1985 году обнаружили СПИД.', 118, 18, 2013, 7.9, 20),
       (25, 'Прислуга', 'The Help', 'Американский Юг, на дворе 1960-е годы. Скитер только-только закончила университет.', 146, 12, 2011, 8.2, 21),
       (26, 'Вторая жизнь Уве', 'En man som heter Ove', 'Уве - пожилой въедливый ворчун, достающий соседей вечными придирками.', 116, 16, 2015, 8.0, 22),
       (27, 'Достать ножи', 'Knives Out', 'На следующее утро после празднования 85-летия известного автора криминальных романов его находят мёртвым.', 130, 16, 2019, 8.0, 23),
       (28, 'Дело храбрых', 'Only the Brave', 'История о команде пожарных, столкнувшихся в Аризоне с одним из самых смертоносных пожаров в истории.', 134, 16, 2017, 8.0, 24),
       (29, 'Судья', 'The Judge', 'Успешный адвокат приезжает в родной город на похороны матери и узнаёт, что его отца подозревают в убийстве.', 142, 18, 2014, 7.9, 25),
       (30, 'Исчезнувшая', 'Gone Girl', 'Всё было готово для празднования пятилетия супружеской жизни, когда вдруг необъяснимо пропала жена.', 149, 16, 2014, 8.0, 26);

INSERT INTO movie_actor (MOVIE_ID, ACTOR_ID)
VALUES (1, 1), (1, 2), (1, 3),
       (2, 4), (2, 5), (2, 6),
       (3, 7), (3, 8), (3, 9), (3, 10),
       (4, 11), (4, 12),
       (5, 1), (5, 13), (5, 14),
       (6, 15), (6, 16),
       (7, 17), (7, 18),
       (8, 7), (8, 19), (8, 20),
       (9, 21), (9, 22), (9, 7),
       (10, 23), (10, 24), (10, 25),
       (11, 26), (11, 27), (11, 28),
       (12, 29), (12, 30),
       (13, 31), (13, 32), (13, 33),
       (14, 34), (14, 35),
       (15, 36), (15, 37),
       (16, 38), (16, 39),
       (17, 40), (17, 41), (17, 42),
       (18, 43), (18, 44),
       (19, 23), (19, 24), (19, 25),
       (20, 45), (20, 46),
       (21, 47), (21, 48), (21, 49), (21, 50),
       (22, 51), (22, 52),
       (23, 23), (23, 24), (23, 25),
       (24, 1), (24, 53),
       (25, 54), (25, 55),
       (26, 56), (26, 57),
       (27, 58), (27, 59), (27, 60),
       (28, 61), (28, 62),
       (29, 40), (29, 63),
       (30, 64), (30, 65), (30, 66);

INSERT INTO movie_genre(MOVIE_ID, GENRE_ID)
VALUES (1, 1), (1, 2), (1, 3),
       (2, 4), (2, 5), (2, 3), (2, 6), (2, 10),
       (3, 1), (3, 7), (3, 2),
       (4, 2), (4, 9),
       (5, 9), (5, 7),
       (6, 2), (6, 10),
       (7, 9), (7, 2),
       (8, 2), (8, 11), (8, 9),
       (9, 12), (9, 7), (9, 2), (9, 9),
       (10, 5), (10, 3), (10, 7),
       (11, 12), (11, 8), (11, 2),
       (12, 4), (12, 6), (12, 9),
       (13, 5), (13, 2), (13, 3),
       (14, 4), (14, 9), (14, 6),
       (15, 2), (15, 13), (15, 11),
       (16, 11), (16, 14), (16, 2),
       (17, 1), (17, 7), (17, 3),
       (18, 4), (18, 2), (18, 3), (18, 6),
       (19, 5), (19, 3),
       (20, 2), (20, 11), (20, 15),
       (21, 1), (21, 7), (21, 3),
       (22, 4), (22, 1), (22, 7),
       (23, 5), (23, 3),
       (24, 2), (24, 11),
       (25, 2),
       (26, 2), (26, 9),
       (27, 9), (27, 2),
       (28, 7), (28, 2), (28, 11),
       (29, 2),
       (30, 8), (30, 2);
